image,url,title,upc,coupon_price,price,original_price,on_sale,inventory
https://cdn.shopify.com/s/files/1/1405/6268/products/image_2467656b-e9f5-4d1f-b468-ec82a5acc5be.jpg?v=1659082844,http://www.maxwarehouse.com/products/kaytee-hummingbird-electronectar-64-oz,"Kaytee Hummingbird ElectroNectar, 64 oz.",071859945897,-,19.49,-,-,-
https://cdn.shopify.com/s/files/1/1405/6268/products/image_f86a5584-d04c-4c1b-bdc7-6555cbb37213.jpg?v=1654465968,http://www.maxwarehouse.com/products/kaytee-nyjer-seed-3-lbs,Kaytee Nyjer Songbird Nyger Thistle Seed Wild Bird Food 3 lb,071859930114,-,12.79,-,-,-
https://cdn.shopify.com/s/files/1/1405/6268/products/image_bca660df-d971-409c-8c36-da404bf8b4e8.jpg?v=1654466349,http://www.maxwarehouse.com/products/kaytee-finch-feeder-sock-nyger-thistle-seed-13-oz-2-pack,Kaytee Finch 26 oz Mesh Sock Instant Feeder Bird Feeder 0 ports,071859930305,-,11.52,-,-,-
https://cdn.shopify.com/s/files/1/1405/6268/products/image_660ad364-9423-4802-a795-454b4d2a6212.jpg?v=1645861358,http://www.maxwarehouse.com/products/ultra-wild-finch-seed10,Kaytee Ultra Wild Finch Songbird Niger Seed Wild Bird Food 10 lb,071859000602,-,41.08,-,-,-
https://cdn.shopify.com/s/files/1/1405/6268/products/image_04e2ce20-f10b-4592-8fa5-0e1836dec467.jpg?v=1657420891,http://www.maxwarehouse.com/products/kaytee-premium-song-bird-seed-14-lbs,Kaytee Songbird Songbird Black Oil Sunflower Seed Wild Bird Food 14 lb,071859028392,-,30.21,-,-,-
https://cdn.shopify.com/s/files/1/1405/6268/products/image_dae439af-e77d-40f8-a78b-faf2cf8e4c9c.jpg?v=1660262538,http://www.maxwarehouse.com/products/perky-pet-hummingbird-liquid-nectar-32-oz-4-qt,Perky-Pet Hummingbird Sucrose Nectar Concentrate 32 oz,078978238008,-,6.04,-,-,-
https://cdn.shopify.com/s/files/1/1405/6268/products/image_693af8fa-eeb9-480e-8cc2-74b6ec2f4e59.jpg?v=1660259042,http://www.maxwarehouse.com/products/perky-pet-original-nectar-2-lbs,Perky-Pet Hummingbird Sucrose Instant Nectar Concentrate 2 lb,078978550049,-,7.56,-,-,-
https://cdn.shopify.com/s/files/1/1405/6268/products/image_5b499846-2746-4ef8-90c3-1fc154fa7db4.jpg?v=1644935899,http://www.maxwarehouse.com/products/audubon-park-10299-5-lb-premium-no-waste-wild-bird-food,Audubon Park No-Waste Blend Millet Wild Bird Food 5 lb,070187855458,-,15.2,-,-,-
https://cdn.shopify.com/s/files/1/1405/6268/products/image_80e991de-d706-44f7-9987-130367a0c856.jpg?v=1644833649,http://www.maxwarehouse.com/products/audubon-10757-14-lb-songbird-wild-bird-food,Audubon Park Songbird Blend Wild Bird Food 14 lb,070187858411,-,32.98,-,-,-
https://cdn.shopify.com/s/files/1/1405/6268/products/image_b9f3f6ff-c8a7-4868-ac0e-e849b4f39dfa.jpg?v=1645224121,http://www.maxwarehouse.com/products/audubon-park-10302-5-lb-wild-finch-blend-wild-bird-food,Audubon Park Finches Red Millet Wild Bird Food 5 lb,070187858350,-,13.13,-,-,-
https://cdn.shopify.com/s/files/1/1405/6268/products/image_da38cf34-3c02-4927-aa3e-c7ef1cc54952.jpg?v=1660258611,http://www.maxwarehouse.com/products/c-s-products-hot-pepper-delight-suet-assorted-grains-peanuts-rendered-beef-kidney-suet-11-75-oz-pack-of-12,C&amp;S Products Hot Pepper Delight Assorted Species Wild Bird Food Beef Suet 11.75 oz. (Pack of 12),018222005536,-,33.88,-,-,-
https://cdn.shopify.com/s/files/1/1405/6268/products/image_88fe67ee-d8d0-4a31-9c04-5566f2038a8f.jpg?v=1660259689,http://www.maxwarehouse.com/products/c-s-products-woodpecker-treat-beef-suet-corn-oats-peanuts-pecans-11-oz-pack-of-12,C&amp;S Products Woodpecker Treat Assorted Species Wild Bird Food Beef Suet 11 oz. (Pack of 12),018222005697,-,37.3,-,-,-
https://cdn.shopify.com/s/files/1/1405/6268/products/image_a47a3c53-a0b4-420e-98f6-70fa0bb5d709.jpg?v=1660258730,http://www.maxwarehouse.com/products/c-s-products-high-energy-suet-dough-with-peanuts-beef-suet-corn-peanuts-11-75-oz-pack-of-12,C &amp; S Peanut Delight Assorted Species Wild Bird Food Beef Suet 11.75 oz. (Pack of 12),018222005079,-,24.07,-,-,-
https://cdn.shopify.com/s/files/1/1405/6268/products/image_437ba39e-02c9-45c0-afe3-7d3b765d63d8.jpg?v=1659733817,http://www.maxwarehouse.com/products/c-s-products-blue-bird-nuggets-plus-beef-suet-corn-peanuts-raisins-27-oz,C&amp;S Products Bluebird Blueberry Suet Nuggets 27 oz,018222005260,-,8.12,-,-,-
https://cdn.shopify.com/s/files/1/1405/6268/products/image_8f1a1e51-9baf-417f-b4a6-98657aa517ab.jpg?v=1647849589,http://www.maxwarehouse.com/products/perky-pet-wild-bird-4-5-lb-copper-panarama-bird-feeder,Perky-Pet Wild Bird 4.5 lb. Copper Panarama Bird Feeder,078978858916,-,41.11,-,-,-
https://cdn.shopify.com/s/files/1/1405/6268/products/image_7cc388bd-c315-43b5-a0a4-a92d07688286.jpg?v=1657441516,http://www.maxwarehouse.com/products/perky-pet-upside-down-bird-feeder-2-lbs-of-thistle-seed,Perky-Pet Finch 2 lb Plastic Bird Feeder 6 ports,078978399006,-,8.43,-,-,-
https://cdn.shopify.com/s/files/1/1405/6268/products/image_01ad37e0-f2fd-411a-8f70-e2dd51585bd4.jpg?v=1645179151,http://www.maxwarehouse.com/products/perky-pet-hummingbird-feeder-glass-16-oz,Perky-Pet Hummingbird 16 oz Glass Nectar Feeder 4 ports,078978210905,-,15.11,-,-,-
https://cdn.shopify.com/s/files/1/1405/6268/products/image_3d88933a-bdd6-4091-b4cd-190dffc57641.jpg?v=1657404003,http://www.maxwarehouse.com/products/perky-pet-hummingbird-feeder-plastic-8-oz-red,Perky-Pet Hummingbird 8 oz Plastic Nectar Feeder 4 ports,078978210844,-,8.96,-,-,-
https://cdn.shopify.com/s/files/1/1405/6268/products/image_edaaf8ca-27b5-4659-8484-0d2bf6032158.jpg?v=1654894097,http://www.maxwarehouse.com/products/natures-way-cwh3-1-25-quart-sunflower-seed-feeder,Nature's Way 12 in. H X 8.13 in. W X 5.5 in. L Cedar Bird House,857907005597,-,25.54,-,-,-
https://cdn.shopify.com/s/files/1/1405/6268/products/image_190b90a9-5d29-4970-a562-d2e491f3377c.jpg?v=1660262595,http://www.maxwarehouse.com/products/audubon-bird-seed-steel-7-lbs,Audubon Snack Shack Wild Bird 7 lb Steel Squirrel-Resistant Bird Feeder 2 ports,047977008073,-,43.1,-,-,-
https://cdn.shopify.com/s/files/1/1405/6268/products/image_516f8452-e828-4bbf-aa34-3aca5ac87924.jpg?v=1645175655,http://www.maxwarehouse.com/products/perky-pet-oriole-feeder-32-oz,Perky-Pet Oriole 32 oz Plastic Nectar Feeder 4 ports,077625449064,-,15.29,-,-,-
https://cdn.shopify.com/s/files/1/1405/6268/products/image_6820d87b-84d2-41fa-b090-783e7636f310.jpg?v=1657550824,http://www.maxwarehouse.com/products/perky-pet-squirrel-be-gone-wild-bird-4-lb-plastic-max-bird-feeder-4-ports,Perky-Pet Squirrel-Be-Gone Wild Bird 4 lb. Plastic Max Bird Feeder 4 ports,078978050464,-,50.08,-,-,-
https://cdn.shopify.com/s/files/1/1405/6268/products/image_9789fba7-1878-478a-bb62-926a61b9445e.jpg?v=1658122243,http://www.maxwarehouse.com/products/kaytee-waste-free-wild-bird-food-canary-seed-corn-millet-peanuts-red-millet-10-lbs,Kaytee Waste Free Songbird Hulled Sunflower Seed Concentrated Wild Bird Food 10 lbs.,071859010137,-,35.24,-,-,-
https://cdn.shopify.com/s/files/1/1405/6268/products/image_0f591f8a-4962-4788-b33e-efd930527755.jpg?v=1654462286,http://www.maxwarehouse.com/products/kaytee-best-quality-wild-seed-millet-milo-5-lbs,Kaytee Basic Blend Songbird Grain Products Wild Bird Food 5 lb,071859020129,-,8.69,-,-,-
https://cdn.shopify.com/s/files/1/1405/6268/products/image_c9f1be7d-be34-45a6-82a9-c32a77e46282.jpg?v=1660261291,http://www.maxwarehouse.com/products/wild-delight-special-finch-food-niger-seed-sunflower-kernels-5-lbs,Wild Delight Special Finch Finches Sunflower Kernels Wild Bird Food 5 lb,719195381053,-,16.57,-,-,-
https://cdn.shopify.com/s/files/1/1405/6268/products/image_149b4cd6-1e60-494c-9ab4-af4c74c4acf3.jpg?v=1645180883,http://www.maxwarehouse.com/products/sahuaro-seed-wild-bird-seed-block-8-lbs,Sahuaro Seed Assorted Species Millet Bird Food Block 8 lb,689076436632,-,24.32,-,-,-
https://cdn.shopify.com/s/files/1/1405/6268/products/image_157d2308-a09e-4dcd-b4b8-08ae21aa9252.jpg?v=1644637009,http://www.maxwarehouse.com/products/perky-pet-oriole-food-1-l,Perky-Pet Oriole Sucrose Nectar 33.8 oz,077625450114,-,5.75,-,-,-
https://cdn.shopify.com/s/files/1/1405/6268/products/image_e62c873a-f0ce-4fec-a22f-dafa6ec230cc.jpg?v=1660262522,http://www.maxwarehouse.com/products/perky-pet-hummingbird-liquid-nectar-64-oz,Perky-Pet Hummingbird Sucrose Nectar 64 oz,078978239005,-,6.71,-,-,-
https://cdn.shopify.com/s/files/1/1405/6268/products/image_15c0e2ad-207a-4c38-be30-0d79ce0387d5.jpg?v=1660262674,http://www.maxwarehouse.com/products/clear-hb-nectar-powdr2lb,Perky-Pet Hummingbird Sucrose Instant Nectar Concentrate 2 lb,078978963337,-,7.21,-,-,-
https://cdn.shopify.com/s/files/1/1405/6268/products/image_a31a2340-cd9b-4d78-8f34-ee56961be707.jpg?v=1654488548,http://www.maxwarehouse.com/products/clear-hb-nectar-conc32oz,Perky-Pet Hummingbird Sucrose Nectar Concentrate 32 oz,078978963276,-,6.84,-,-,-
https://cdn.shopify.com/s/files/1/1405/6268/products/image_3a7c1919-4904-4c17-8302-48d3c486b43d.jpg?v=1657794941,http://www.maxwarehouse.com/products/c-s-products-delight-suet-mix-beef-suet-corn-peanuts-11-75-oz-pack-of-12,C&amp;S Products Orange Delight Assorted Species Wild Bird Food Beef Suet 11.75 oz. (Pack of 12),018222005291,-,18.93,-,-,-
https://cdn.shopify.com/s/files/1/1405/6268/products/image_ff220261-8708-4aef-9d8f-901b2b9be074.jpg?v=1660259797,http://www.maxwarehouse.com/products/c-s-products-suet-cake-beef-suet-corn-oats-peanuts-11-75-oz-pack-of-12,C&amp;S Products Mealworm Delight Assorted Species Wild Bird Food Beef Suet 11.75 oz. (Pack of 12),018222005833,-,35.03,-,-,-
https://cdn.shopify.com/s/files/1/1405/6268/products/image_2074c198-0820-4fe5-b7dc-f9432eaaa5a2.jpg?v=1660258708,http://www.maxwarehouse.com/products/c-s-products-high-energy-suet-with-seed-beef-suet-corn-millet-11-75-oz-pack-of-12,C&amp;S Products High Energy Assorted Species Wild Bird Food Beef Suet 11.75 oz. (Pack of 12),018222005017,-,24.43,-,-,-
https://cdn.shopify.com/s/files/1/1405/6268/products/image_3d2099d9-fbcd-4f9c-b5ac-11a660403699.jpg?v=1660292381,http://www.maxwarehouse.com/products/sizzlenheat-suet-11-75oz-pack-of-12,Wild Delight Sizzle N Heat Songbird Wild Bird Food Beef Suet 11.75 oz. (Pack of 12),719195372174,-,47.27,-,-,-
https://cdn.shopify.com/s/files/1/1405/6268/products/image_eea872bc-fcef-474d-91a6-d4921e845137.jpg?v=1654484604,http://www.maxwarehouse.com/products/more-birds-squirrel-x-1-bird-feeder-metal-satin-nickel-finish,Squirrel-X Wild Bird 4.2  Metal/Plastic Tube Bird Feeder 4 ports,815562011100,-,61.13,-,-,-
https://cdn.shopify.com/s/files/1/1405/6268/products/image_a647d8e6-7549-4aab-82aa-208b068984f8.jpg?v=1652019359,http://www.maxwarehouse.com/products/perky-pet-wild-bird-2-lb-copper-bird-feeder-1-ports-pack-of-2,Perky-Pet Wild Bird 2 lb. Copper Bird Feeder 1 ports (Pack of 2),078978381186,-,35.85,-,-,-
https://cdn.shopify.com/s/files/1/1405/6268/products/image_5f9e0d8d-2727-4f8f-9bb4-9dbdbaa83deb.jpg?v=1656657274,http://www.maxwarehouse.com/products/heritage-farms-birds-choice-feeder-window-steel-1-gal,Audubon Wild Bird 9 lb Steel Hopper Bird Feeder 1 ports,047977001005,-,50.46,-,-,-
https://cdn.shopify.com/s/files/1/1405/6268/products/image_1de8559e-bd10-47a2-882b-15f2c7d83826.jpg?v=1660259907,http://www.maxwarehouse.com/products/audubon-caged-tube-feeder-green,Audubon Wild Bird 1.25 lb Plastic/Wire Caged Tube Bird Feeder 4 ports,715038302988,-,41.17,-,-,-
https://cdn.shopify.com/s/files/1/1405/6268/products/image_b5de636c-a207-45db-bfea-125fcc2e3908.jpg?v=1651827817,http://www.maxwarehouse.com/products/audubon-bird-feeder-deluxe-0-lbs,Audubon White Plastic Deluxe Gazebo 6-Ports Wild Bird Feeder 10 lbs. Capacity,047977006024,-,22.97,-,-,-
https://cdn.shopify.com/s/files/1/1405/6268/products/image_fd8ec969-5f30-4cf3-86fa-4534edb2ecde.jpg?v=1653527885,http://www.maxwarehouse.com/products/audubon-8-port-tube-feeder-pvc-2-lbs,Audubon Finch 2 lb Plastic Thistle Tube Bird Feeder 8 ports,715038305118,-,15.3,-,-,-
https://cdn.shopify.com/s/files/1/1405/6268/products/image_b62a1f71-6a92-40f2-82dd-e5b78ecc9041.jpg?v=1658139311,http://www.maxwarehouse.com/products/perky-pet-classic-sunflower-and-mixed-seed-bird-feeder-metal-2-oz-red,Perky-Pet Wild Bird 2 lb Metal/Plastic Bird Feeder 1 ports,078978648630,-,28.45,-,-,-
https://cdn.shopify.com/s/files/1/1405/6268/products/image_12e3975b-c07a-4ea1-93dc-d5b256e3f9e3.jpg?v=1654493415,http://www.maxwarehouse.com/products/birdscapes-poly-window-bird-feeder,Perky-Pet Wild Bird 0.5 lb Plastic Bird Feeder 1 ports,078978348004,-,8.75,-,-,-
https://cdn.shopify.com/s/files/1/1405/6268/products/image_60cfaa30-6264-454c-adac-ffb96078675d.jpg?v=1647880316,http://www.maxwarehouse.com/products/perky-pet-hummingbird-8-oz-glass-plastic-nectar-feeder-4-ports,Perky-Pet Hummingbird 8 oz. Glass/Plastic Nectar Feeder 4 ports (Pack of 2),078978210875,-,32.4,-,-,-
https://cdn.shopify.com/s/files/1/1405/6268/products/image_e4ce61ac-7967-4a46-b734-f8b91c8571b4.jpg?v=1658121806,http://www.maxwarehouse.com/products/perky-pet-bird-feeder-copper-2-lbs,Perky-Pet Wild Bird 2 lb Copper Bird Feeder 1 ports,078978381186,-,28.45,-,-,-
https://cdn.shopify.com/s/files/1/1405/6268/products/image_4fac90d6-af0a-4685-ab66-7c86acdb6985.jpg?v=1658133672,http://www.maxwarehouse.com/products/kaytee-nyjer-birdseed-4-9-lbs,Kaytee Nyjer Songbird Nyjer Seed Wild Bird Food 4.65 lb,071859930404,-,20.27,-,-,-
https://cdn.shopify.com/s/files/1/1405/6268/products/image_291c0e45-6d69-46e8-9163-9833392dae42.jpg?v=1660261244,http://www.maxwarehouse.com/products/wild-delight-nut-n-berry-bird-food-20-lbs,Wild Delight Nut N Berry Assorted Species Sunflower Kernels Wild Bird Food 20 lb,719195366203,-,37.16,-,-,-
https://cdn.shopify.com/s/files/1/1405/6268/products/image_7c288e05-f5bf-4552-90da-c81e399bf3fd.jpg?v=1657814558,http://www.maxwarehouse.com/products/kaytee-nut-fruit-wild-bird-food-cherries-peanuts-raisins-safflower-striped-striped-sunflower-sunfl,Kaytee Nut &amp; Fruit Songbird Nut &amp; Fruit Wild Bird Food 5 lb,071859158358,-,14.73,-,-,-
https://cdn.shopify.com/s/files/1/1405/6268/products/image_18b71883-73bf-48f8-847a-7891f3723cb8.jpg?v=1660261230,http://www.maxwarehouse.com/products/wild-delight-nut-n-berry-bird-food-5-lbs,Wild Delight Nut N Berry Assorted Species Sunflower Kernels Wild Bird Food 5 lb,719195366050,-,13.32,-,-,-
https://cdn.shopify.com/s/files/1/1405/6268/products/image_855eb552-c113-4005-8fa9-cb17a97f9324.jpg?v=1645188489,http://www.maxwarehouse.com/products/lyric-wild-bird-food-peanut-pieces-peanuts-5-lbs,Lyric Chickadee and Nuthatch Peanut Pieces Wild Bird Food 5 lb,088685472763,-,14.27,-,-,-
https://cdn.shopify.com/s/files/1/1405/6268/products/image_ff917502-8068-4236-a812-9e231075c688.jpg?v=1654466023,http://www.maxwarehouse.com/products/kaytee-wild-finch-food-canary-grass-seed-flax-seed-red-millet-white-millet-yellow-millet-3-lbs,Kaytee Wild Finch Songbird Millet Wild Bird Food 3 lb,071859515113,-,7.48,-,-,-
https://cdn.shopify.com/s/files/1/1405/6268/products/image_051f46cd-59db-43a1-bd9b-fe4ba65071d0.jpg?v=1654505815,http://www.maxwarehouse.com/products/kt-mealworm-pouch-17-6oz,Kaytee Assorted Species Songbird Dried Mealworm Wild Bird Food 17.6 oz.,071859945699,-,29.22,-,-,-
https://cdn.shopify.com/s/files/1/1405/6268/products/image_667e224d-bf42-4975-9bcf-455bd2798599.jpg?v=1645181967,http://www.maxwarehouse.com/products/kaytee-assorted-species-wild-bird-food-oil-sunflower-16-lb,Kaytee Birders Blend Songbird Black Oil Sunflower Seed Wild Bird Food 16 lb,071859027180,-,15.22,-,-,-
https://cdn.shopify.com/s/files/1/1405/6268/products/image_a8cdc8f7-e7ff-4e48-a2e7-5f07856fcbbc.jpg?v=1645155844,http://www.maxwarehouse.com/products/kaytee-cardinal-long-lasting-cake-red-millet-safflower-white-millet-1-85-lbs,Kaytee Cardinal Cake Cardinal Black Oil Sunflower Seed Seed Cake 1.85 lb,071859196206,-,12.3,-,-,-
https://cdn.shopify.com/s/files/1/1405/6268/products/image_a6454c3b-0138-4692-a4d3-fc7314c5f3cd.jpg?v=1659288721,http://www.maxwarehouse.com/products/nut-fruit-seed-bell-15oz,Kaytee Nut &amp; Fruit Songbird Millet Seed Bell 15 oz,071859192017,-,6.07,-,-,-
https://cdn.shopify.com/s/files/1/1405/6268/products/image_03c8dbc9-dc8a-4a7d-80c6-b2d207b7f1ef.jpg?v=1651869761,http://www.maxwarehouse.com/products/wild-delight-360200-20-lb-zero-waste-fruit-blend-bird-feed,Wild Delight Advanced Formula Zero Waste Assorted Species Sunflower Kernels Wild Bird Food 20 lb,719195360201,-,57.7,-,-,-
https://cdn.shopify.com/s/files/1/1405/6268/products/image_d5a9cf11-fba7-45e8-b1b6-8a6643617f81.jpg?v=1654485819,http://www.maxwarehouse.com/products/sizzlenheat-bird-food14-pack-of-3,Wild Delight Sizzle N Heat Songbird Wild Bird Food Sunflower Kernels 14 lb. (Pack of 3),719195372143,-,103.57,-,-,-
https://cdn.shopify.com/s/files/1/1405/6268/products/image_17550b8d-86c6-4d28-8176-52eb36ce3733.jpg?v=1658139338,http://www.maxwarehouse.com/products/red-hb-nectar-conc16oz-pack-of-6,Perky-Pet Hummingbird Nectar Concentrate Sucrose 16 oz. (Pack of 6),078978963252,-,21.63,-,-,-
https://cdn.shopify.com/s/files/1/1405/6268/products/image_62243beb-48b2-4c10-ba70-c8aeb9d2cf82.jpg?v=1658139341,http://www.maxwarehouse.com/products/clear-hb-nectar-conc16oz-pack-of-6,Perky-Pet Hummingbird Nectar Concentrate Sucrose 16 oz. (Pack of 6),078978963269,-,22.03,-,-,-
https://cdn.shopify.com/s/files/1/1405/6268/products/image_d2ef2bf7-fa28-4f66-b4df-b58c5805ec5a.jpg?v=1660262659,http://www.maxwarehouse.com/products/oriole-nectar-conc-32oz-pack-of-6,Perky-Pet Oriole Nectar Concentrate Sucrose 32 oz. (Pack of 6),078978963344,-,42.79,-,-,-
https://cdn.shopify.com/s/files/1/1405/6268/products/image_6ebccf61-9385-4709-b63b-07cc7452aa37.jpg?v=1660259217,http://www.maxwarehouse.com/products/perky-pet-hummingbird-nectar-8-oz,Perky-Pet Hummingbird Sucrose Instant Nectar Concentrate 8 oz,078978550056,-,3.57,-,-,-
https://cdn.shopify.com/s/files/1/1405/6268/products/image_c75904ea-dafd-46ee-b2e6-81fc20657ad6.jpg?v=1656669576,http://www.maxwarehouse.com/products/kt-seed-mealwrm-ck-1-4lb,Kaytee Assorted Species Seed and Mealworm Seed Cake 1.4 lb,071859000428,-,10.71,-,-,-
https://cdn.shopify.com/s/files/1/1405/6268/products/image_4483031c-4c72-4d30-bf70-6f1dcd74ae0a.jpg?v=1660262472,http://www.maxwarehouse.com/products/wild-delight-fruit-n-berry-bird-food-blueberries-cherries-cranberries-raisins-5-lbs,Wild Delight Fruit N Berry Assorted Species Sunflower Seeds Wild Bird Food 5 lb,719195365053,-,22.19,-,-,-
https://cdn.shopify.com/s/files/1/1405/6268/products/image_bf482143-6b56-4837-8181-757f956fc419.jpg?v=1660261309,http://www.maxwarehouse.com/products/wild-delight-woodpecker-nuthatch-n-chickadee-food-cranberries-dried-apples-peanuts-pistachios-rai,"Wild Delight Woodpecker, Nuthatch &amp; Chickadee Sunflower Seeds Wild Bird Food 5 lb",719195364056,-,14.86,-,-,-
https://cdn.shopify.com/s/files/1/1405/6268/products/image_6b4c9572-5418-40ca-ba23-7154790b3b38.jpg?v=1658118268,http://www.maxwarehouse.com/products/kaytee-backyard-wildlife-feed-corn-millet-milo-oats-striped-sunflower-5-lbs,Kaytee Backyard Wildlife Assorted Species Oats Squirrel and Critter Food 5 lb,071859134123,-,7.54,-,-,-
https://cdn.shopify.com/s/files/1/1405/6268/products/image_c39957a7-879e-4b82-8ab7-127f9713b8c8.jpg?v=1650529484,http://www.maxwarehouse.com/products/wild-delight-fruit-n-berry-bird-food-blueberries-cherries-cranberries-dried-apples-raisins-20-lbs,Wild Delight Fruit N Berry Assorted Species Sunflower Seeds Wild Bird Food 20 lb,719195365206,-,42.97,-,-,-
https://cdn.shopify.com/s/files/1/1405/6268/products/image_cea949f4-f60a-4c46-aa83-74bab520be5e.jpg?v=1658120190,http://www.maxwarehouse.com/products/kaytee-nyjer-seed-20-lbs,Kaytee Nyjer Songbird Nyger Thistle Seed Wild Bird Food 20 lb,071859930145,-,50.2,-,-,-
https://cdn.shopify.com/s/files/1/1405/6268/products/image_952e80e1-6feb-4074-a939-54478aa917e1.jpg?v=1660261267,http://www.maxwarehouse.com/products/wild-delight-bird-food-millet-peanuts-8-lbs,Wild Delight Gourmet Assorted Species Sunflower Seeds Wild Bird Food 8 lb,719195368085,-,55.76,-,-,-
https://cdn.shopify.com/s/files/1/1405/6268/products/image_1fa77cf6-01bd-4501-8082-9d839275a455.jpg?v=1658122342,http://www.maxwarehouse.com/products/lyric-nyjer-seed-10-lbs,Lyric Finch Nyjer Seed Wild Bird Food 10 lb,088685472824,-,37.04,-,-,-
https://cdn.shopify.com/s/files/1/1405/6268/products/image_5fbb4300-3e9c-4142-a74e-72b6696c9126.jpg?v=1660258217,http://www.maxwarehouse.com/products/c-s-products-cherry-treat-suet-beef-suet-cherry-pellets-corn-white-millet-11-75-oz-pack-of-12,C&amp;S Products Cherry Treat Assorted Species Wild Bird Food Beef Suet 11.75 oz. (Pack of 12),018222005352,-,30.82,-,-,-
https://cdn.shopify.com/s/files/1/1405/6268/products/image_1532cdaf-0d77-4844-a69b-c18ca07c09ce.jpg?v=1660262749,http://www.maxwarehouse.com/products/c-s-products-delight-suet-mix-corn-11-75-oz-pack-of-12,C&amp;S Products Sunflower Delight Assorted Species Wild Bird Food Beef Suet 11.75 oz. (Pack of 12),018222005659,-,25.89,-,-,-
https://cdn.shopify.com/s/files/1/1405/6268/products/image_cda5a14b-b7cb-4b63-9d00-97cdeb3f4c43.jpg?v=1658525074,http://www.maxwarehouse.com/products/c-s-products-hi-energy-large-suet-cake-56-oz,C&amp;S Products High Energy Assorted Species Beef Suet Wild Bird Food 56 oz,018222005987,-,7.69,-,-,-
https://cdn.shopify.com/s/files/1/1405/6268/products/image_cf5c1dbf-eca0-4cff-af98-0c866be05d59.jpg?v=1660344840,http://www.maxwarehouse.com/products/hi-energy-suet-8pk,C&amp;S Products High Energy Assorted Species Beef Suet Wild Bird Food 11 oz,018222975013,-,13.44,-,-,-
https://cdn.shopify.com/s/files/1/1405/6268/products/image_2b2463cb-7240-4c8a-a01a-ef1634fbc511.jpg?v=1645470565,http://www.maxwarehouse.com/products/ultra-wild-finch-seed-5,Kaytee Ultra Wild Finch Wild Bird/Poultry Nyjer Seed Wild Bird Food 5 lb,071859000596,-,18.3,-,-,-
https://cdn.shopify.com/s/files/1/1405/6268/products/image_c88e7d46-6cf4-4407-962a-e776b5b8e82f.jpg?v=1654489882,http://www.maxwarehouse.com/products/kaytee-nut-fruit-wild-bird-food-cherries-peanuts-raisins-safflower-striped-striped-sunflower-sunfl-1,Kaytee Nut &amp; Fruit Songbird Nut &amp; Fruit Wild Bird Food 10 lb,071859158365,-,21.96,-,-,-
https://cdn.shopify.com/s/files/1/1405/6268/products/image_72a91b8f-2b8e-4e5b-a31d-2014bf7346c1.jpg?v=1658122261,http://www.maxwarehouse.com/products/kaytee-squirrel-and-critter-food-corn-striped-sunflower-10-lbs,Kaytee Assorted Species Corn Squirrel and Critter Food 10 lbs. Capacity,071859135151,-,11.49,-,-,-
https://cdn.shopify.com/s/files/1/1405/6268/products/image_7b3737f2-df3b-4f3e-82bc-014e1a1f7922.jpg?v=1659043125,http://www.maxwarehouse.com/products/kaytee-songbird-treat-bell-millet-safflower-13-oz,Kaytee Songbird Seed Bell 13 oz,071859194011,-,5.21,-,-,-
https://cdn.shopify.com/s/files/1/1405/6268/products/image_f9bc176a-f16c-4dc7-9a7e-b30e61bcfe85.jpg?v=1645257861,http://www.maxwarehouse.com/products/better-bird-640050-5-lb-beautiful-bird-food,Better Bird Beautiful Bird Assorted Species Sunflower Seeds Wild Bird Food 5 lb,719195640051,-,8.89,-,-,-
https://cdn.shopify.com/s/files/1/1405/6268/products/image_1c4e891a-2626-4389-bdfe-70a49536792e.jpg?v=1660261257,http://www.maxwarehouse.com/products/wild-delight-songbird-food-cherries-peanuts-raisins-safflower-seeds-sunflower-kernels-8-lbs,Wild Delight Songbird Songbird Sunflower Seeds Wild Bird Food 8 lb,719195377087,-,15.71,-,-,-
https://cdn.shopify.com/s/files/1/1405/6268/products/image_fc0a6e6b-fa0e-4261-9fe8-6c0f56fccd81.jpg?v=1645267242,http://www.maxwarehouse.com/products/natures-nuts-193076-5-lb-wild-bird-seed,Nature's Nuts Super Value Assorted Species Millet Wild Bird Food 5 lb,790004003076,-,11.11,-,-,-
https://cdn.shopify.com/s/files/1/1405/6268/products/image_a6ae4e96-50f7-46d5-9cd4-77d886fe5c7c.jpg?v=1654489949,http://www.maxwarehouse.com/products/kaytee-waste-free-wild-bird-food-canary-seed-millet-peanuts-red-millet-5-lbs,Kaytee Waste Free Songbird Hulled Sunflower Seed Wild Bird Food 5 lb,071859010120,-,11.92,-,-,-
https://cdn.shopify.com/s/files/1/1405/6268/products/image_7ada13c1-bcfb-42a2-98ec-d00ffcc91ddd.jpg?v=1660261277,http://www.maxwarehouse.com/products/wild-delight-deck-porch-n-patio-wild-bird-food-peanuts-pistachios-sunflower-kernels-5-lbs,Wild Delight Deck Porch N Patio Assorted Species Sunflower Seeds Wild Bird Food 5 lb,719195374055,-,19.57,-,-,-
https://cdn.shopify.com/s/files/1/1405/6268/products/image_98b18ad8-11ce-40f6-a9f0-67d15a09b311.jpg?v=1659288694,http://www.maxwarehouse.com/products/kt-cardinal-blend-15lb,Kaytee Cardinal Cardinal Black Oil Sunflower Seed Wild Bird Food 15 lb,071859000374,-,27.61,-,-,-
https://cdn.shopify.com/s/files/1/1405/6268/products/image_44b1d981-97a6-45d0-a69f-9c256ef6a93a.jpg?v=1658119878,http://www.maxwarehouse.com/products/kaytee-nyjer-seed-8-lbs,Kaytee Nyjer Songbird Niger Seed Wild Bird Food 8 lb,071859930329,-,31.44,-,-,-
https://cdn.shopify.com/s/files/1/1405/6268/products/image_5e266f72-1dde-49e5-8fda-2f5a701f1434.jpg?v=1658554137,http://www.maxwarehouse.com/products/kaytee-woodpecker-long-lasting-cake-corn-milo-peanuts-pecans-safflower-striped-sunflower-1-85-lbs,Kaytee Chickadee Sunflower Seed Cake 1.85 lb,071859196251,-,9.08,-,-,-
https://cdn.shopify.com/s/files/1/1405/6268/products/image_3226812c-2c18-46dd-ad88-70b20963be26.jpg?v=1658135986,http://www.maxwarehouse.com/products/kaytee-wild-bird-mealworms-7-oz-pack-of-6,Kaytee Woodpecker Wild Bird Food Dried Mealworm 7 oz. (Pack of 6),071859945682,-,40.43,-,-,-
https://cdn.shopify.com/s/files/1/1405/6268/products/image_6f1de00f-a7be-4cd1-a1b7-8f3205115c88.jpg?v=1658117667,http://www.maxwarehouse.com/products/kaytee-cardinal-seed-safflower-seeds-7-lbs,Kaytee Cardinal Cardinal Black Oil Sunflower Seed Wild Bird Food 7 lb,071859029115,-,26.64,-,-,-
https://cdn.shopify.com/s/files/1/1405/6268/products/image_57e7a5f4-ff2f-4006-97ec-e8646d76a0a8.jpg?v=1657423200,http://www.maxwarehouse.com/products/wild-delight-wild-bird-inshell-peanuts-5-lbs,Wild Delight Assorted Species Peanuts Wild Bird Food 5 lb,719195379050,-,28.9,-,-,-
https://cdn.shopify.com/s/files/1/1405/6268/products/image_44f67623-5047-450a-b353-e7e965adac4f.jpg?v=1651855307,http://www.maxwarehouse.com/products/natures-nuts-00071-40-lbs-super-value-wild-bird-diet,Nature's Nuts Super Value Assorted Species Millet Wild Bird Food 40 lb,790004000716,-,64.58,-,-,-
https://cdn.shopify.com/s/files/1/1405/6268/products/image_265872c4-4d09-413c-92df-b21f9ec677d2.jpg?v=1645268388,http://www.maxwarehouse.com/products/audubon-park-84520-4-75-lb-nyjer-seed-wild-bird-seed,Audubon Park Goldfinch Nyjer Seed Wild Bird Food 4.75 lb,070187845206,-,17.88,-,-,-
https://cdn.shopify.com/s/files/1/1405/6268/products/image_a583487e-25a7-4b4f-a071-6118132ca3ab.jpg?v=1658682116,http://www.maxwarehouse.com/products/natures-nuts-00023-50-lbs-premium-nyger-thistle-seed,Nature's Nuts Premium Assorted Species Nyjer Seed Wild Bird Food 50 lb,790004000235,-,103.07,-,-,-
https://cdn.shopify.com/s/files/1/1405/6268/products/image_aaf3bfc1-e5e3-4ba2-9f9a-607bf987db5d.jpg?v=1659245727,http://www.maxwarehouse.com/products/audubon-park-82705-5-lbs-birch-barrier-sunflower-seed-pack-of-6,Audubon Park 12259 5 Lbs Birch Barrier Sunflower Seed (Pack of 6),070187827059,-,48,-,-,-
https://cdn.shopify.com/s/files/1/1405/6268/products/image_796c14a9-567c-4c16-b24d-f10d1c8749e3.jpg?v=1645311950,http://www.maxwarehouse.com/products/audubon-park-84522-5-lb-sunflower-meats-wild-bird-food,Audubon Park Sunflower Hearts Wild Bird Food 5 lb,070187845220,-,22.2,-,-,-
https://cdn.shopify.com/s/files/1/1405/6268/products/image_6379496f-0539-4708-900b-74a9959d95c1.jpg?v=1658650201,http://www.maxwarehouse.com/products/natures-nuts-00185-10-lbs-premium-whole-in-shell-peanuts,Nature's Nuts Premium Assorted Species Whole Peanuts Wild Bird Food 10 lb,790004001850,-,22.58,-,-,-
https://cdn.shopify.com/s/files/1/1405/6268/products/image_5b60cc97-e3cf-47ad-a190-54a6597dd921.jpg?v=1659109634,http://www.maxwarehouse.com/products/chuckanut-003052-15-lb-premium-nyjer-thistle-seed,Nature's Nuts Premium Assorted Species Nyjer Seed Wild Bird Food 15 lb,790004003052,-,37.19,-,-,-
https://cdn.shopify.com/s/files/1/1405/6268/products/image_cc4def64-1109-40d9-ac4f-36b7d1369d50.jpg?v=1658116679,http://www.maxwarehouse.com/products/sahuaro-seed-quail-and-wild-bird-block-21-lbs,Sahuaro Seed Assorted Species Milo and Corn Bird Food Block 21 lb,689076285049,-,19.9,-,-,-
https://cdn.shopify.com/s/files/1/1405/6268/products/image_94bcfb0a-feef-4802-8279-8c5471d844c1.jpg?v=1660346967,http://www.maxwarehouse.com/products/woodpecker-suet-nug-27oz-pack-of-6,C&amp;S Products Woodpecker Suet Nuggets Corn 27 oz. (Pack of 6),018222001095,-,18.58,-,-,-
https://cdn.shopify.com/s/files/1/1405/6268/products/image_19d65c34-543c-4af6-8954-c7e555a5963d.jpg?v=1645181202,http://www.maxwarehouse.com/products/wild-delight-golden-finch-food-millet-niger-seed-sunflower-kernels-5-lbs,Wild Delight Golden Finch Finches Sunflower Kernels Wild Bird Food 5 lb,719195373058,-,17.26,-,-,-
https://cdn.shopify.com/s/files/1/1405/6268/products/image_6ef74e56-c6a0-495c-b971-b1a265f0f108.jpg?v=1658139718,http://www.maxwarehouse.com/products/kaytee-assorted-species-wild-bird-seed-cake-sunflower-2-lb,Kaytee Gourmet Wild Bird Sunflower Seed Cake 2 lb,071859196053,-,9.81,-,-,-
https://cdn.shopify.com/s/files/1/1405/6268/products/image_2b145279-0e65-4a94-b997-b0fe3c5b60cb.jpg?v=1656666976,http://www.maxwarehouse.com/products/kaytee-birders-blend-bird-seed-safflower-seeds-8-lbs,Kaytee Birders Blend Songbird Black Oil Sunflower Seed Wild Bird Food 8 lb,071859027111,-,26.06,-,-,-
https://cdn.shopify.com/s/files/1/1405/6268/products/image_2f8055bf-fd99-4f43-8508-d1d358bdba6a.jpg?v=1660260207,http://www.maxwarehouse.com/products/c-s-products-nutty-suet-treat-beef-suet-corn-millet-nutty-treat-suet-cake-oats-peanuts-11-75-oz-pack-of-12,C&amp;S Products Nutty Treat Assorted Species Wild Bird Food Beef Suet 11.75 oz. (Pack of 12),018222005598,-,31.12,-,-,-
https://cdn.shopify.com/s/files/1/1405/6268/products/image_5fc962dc-b551-4277-a5c0-db8051290b37.jpg?v=1660262756,http://www.maxwarehouse.com/products/c-s-products-suet-corn-27-oz,C&amp;S Products Assorted Species Sunflower Suet Nuggets 27 oz,018222001101,-,5.36,-,-,-
https://cdn.shopify.com/s/files/1/1405/6268/products/image_58c41403-eadd-4055-8ac8-4c6daefe1ed8.jpg?v=1654489075,http://www.maxwarehouse.com/products/kaytee-super-finch-sock-25-oz,Kaytee Ultra Wild FInch Finch 25 oz Mesh Sock Instant Feeder Bird Feeder 0 ports,071859930312,-,12.1,-,-,-
https://cdn.shopify.com/s/files/1/1405/6268/products/image_fe0f9fdb-4330-40b1-9d12-14b5e0614dfb.jpg?v=1648256755,http://www.maxwarehouse.com/products/kaytee-woodpecker-bird-bar-11-oz,Kaytee Woodpecker Bar Sunflower Seed Wild Bird Energy Treat Bar 11 oz.,071859176260,-,7.4,-,-,-
https://cdn.shopify.com/s/files/1/1405/6268/products/image_99d0cd30-2e63-4ba7-9edb-a0ef751afc6d.jpg?v=1654484332,http://www.maxwarehouse.com/products/kaytee-wild-finch-blend-super-sock-25-oz,Kaytee Ultra Finch 25 oz Mesh Sock Instant Feeder Bird Feeder 0 ports,071859945354,-,12.21,-,-,-
https://cdn.shopify.com/s/files/1/1405/6268/products/image_cf86d183-b091-4ede-84ac-a6637aad1dab.jpg?v=1654492155,http://www.maxwarehouse.com/products/kaytee-wild-bird-mealworms-3-5-oz-pack-of-6,Kaytee Robin Wild Bird Food Dried Mealworm 3.5 oz. (Pack of 6),071859945675,-,25.35,-,-,-
https://cdn.shopify.com/s/files/1/1405/6268/products/image_a774fc74-d46e-4a6f-9763-a9b413fad0a3.jpg?v=1660263739,http://www.maxwarehouse.com/products/perky-pet-instant-hummingbird-nectar-8-oz,Perky-Pet Hummingbird Sucrose Instant Nectar Concentrate 8 oz,078978550025,-,2.45,-,-,-
https://cdn.shopify.com/s/files/1/1405/6268/products/image_6f4f419f-8207-4da7-b2bb-44a1d9bb0dc4.jpg?v=1660262667,http://www.maxwarehouse.com/products/clear-hb-nectar-64oz,Perky-Pet Hummingbird Sucrose Nectar 64 oz,078978963283,-,6.91,-,-,-
https://cdn.shopify.com/s/files/1/1405/6268/products/image_363a133d-a126-4535-b7d0-cc5e87bc726d.jpg?v=1657401201,http://www.maxwarehouse.com/products/perky-pet-oriole-nectar-8-oz-1-2-gal,Perky-Pet Oriole Sucrose Instant Nectar Concentrate 8 oz,078978550063,-,3.12,-,-,-
https://cdn.shopify.com/s/files/1/1405/6268/products/image_561f5f48-e686-4964-ad98-3980479f4f75.jpg?v=1658568164,http://www.maxwarehouse.com/products/morning-song-bird-feeders-corn-6-5-lbs,Morning Song Golden Ear Corn Wildlife Corn Squirrel and Critter Food 6.5 lb,086155151194,-,22.81,-,-,-
https://cdn.shopify.com/s/files/1/1405/6268/products/image_35166b64-781f-41e7-93d9-ad25a2996584.jpg?v=1658525095,http://www.maxwarehouse.com/products/audubon-squirrel-baffle-1-2-in-18-in-dia,Audubon 7.25 in. H X 18 in. W X 18 in. D Squirrel Baffle Birdfeeder Pole,715038302285,-,29.43,-,-,-
https://cdn.shopify.com/s/files/1/1405/6268/products/image_697c4fc3-4d0d-40f6-9ad7-1805e0b50c2d.jpg?v=1659302920,http://www.maxwarehouse.com/products/brd-feedr-milk-can-8lb,Perky-Pet Wild Bird 5 lb Metal Bird Feeder 5 ports,078978546998,-,33,-,-,-
https://cdn.shopify.com/s/files/1/1405/6268/products/image_fbcdc7ad-e703-422c-bb34-198bf62c99ea.jpg?v=1651827771,http://www.maxwarehouse.com/products/perky-pet-bird-feeders-16-in-dia-50-lbs,Perky-Pet 3.3 in. H X 16 in. W Hanging Baffle,078978340008,-,18.6,-,-,-
https://cdn.shopify.com/s/files/1/1405/6268/products/image_cee01354-6374-4b21-9ff3-4c69f3772249.jpg?v=1660346541,http://www.maxwarehouse.com/products/humbird-glss-feeder-blue-pack-of-2,Perky-Pet Hummingbird 16 oz. Glass Nectar Feeder 4 ports (Pack of 2),078978129153,-,37,-,-,-
https://cdn.shopify.com/s/files/1/1405/6268/products/image_b29b80f5-6ebc-418a-9ddf-dfedd47378b0.jpg?v=1646913490,http://www.maxwarehouse.com/products/audubon-3-in-1-platform-feeder-13-in-x-13-in-x-2-5-in-cedar,Audubon 3 in 1 Wild Bird 3 lb Cedar/Screen Platform Bird Feeder 1 ports,715038304173,-,39.79,-,-,-
https://cdn.shopify.com/s/files/1/1405/6268/products/image_11c08c64-80d5-44fa-abcf-d423c0885e1a.jpg?v=1645215238,http://www.maxwarehouse.com/products/wood-link-hm47-15-yellow-steel-weather-guard,Woodlink 1.5 in. H X 15 in. W X 15 in. D Bird Feeder Weather Guard,715038312161,-,38.03,-,-,-
https://cdn.shopify.com/s/files/1/1405/6268/products/image_78b020d3-4453-421d-a9d8-10dcad4f25c1.jpg?v=1651811705,http://www.maxwarehouse.com/products/sahuaro-seed-wild-bird-seed-block-16-lbs,Sahuaro Seed Assorted Species Millet Bird Food Block 15 lb,689076527439,-,41.77,-,-,-
https://cdn.shopify.com/s/files/1/1405/6268/products/image_d16779a7-dc34-4f79-b70c-92669faf0794.jpg?v=1657791573,http://www.maxwarehouse.com/products/pops-hummingbird-swing,Pop's Powder Coated Wire &amp; Birch Stained Dowel Hummingbird Swing 6.5 H x 5.25 W x 0.25 D in.,738435737160,-,11.99,-,-,-
https://cdn.shopify.com/s/files/1/1405/6268/products/image_f46564b2-5089-4cc7-808c-99d68f57d68a.jpg?v=1660261782,http://www.maxwarehouse.com/products/wild-delight-finch-sock-with-nyjer-seed,Wild Delight Finch 13 oz Mesh Bird Feeder 1 ports,719195383040,-,6.73,-,-,-
https://cdn.shopify.com/s/files/1/1405/6268/products/image_4a0d2b05-acad-44c9-9164-16d23267b551.jpg?v=1654462302,http://www.maxwarehouse.com/products/kaytee-best-quality-wild-bird-seed-millet-milo-20-lbs,Kaytee Basic Blend Songbird Grain Products Wild Bird Food 20 lb,071859020143,-,14.8,-,-,-
https://cdn.shopify.com/s/files/1/1405/6268/products/image_718f8a21-af82-410c-9d4f-2a40ced150ff.jpg?v=1660259893,http://www.maxwarehouse.com/products/audubon-oriole-feeder-plastic-12-oz,Audubon 8-Ports &amp; 4-Built-In Stations Dishwater Safe Classic Oriole Feeder 12 oz. Nectar Capacity,715038304258,-,13.76,-,-,-
https://cdn.shopify.com/s/files/1/1405/6268/products/image_81e0f31c-b995-437c-b657-30d2e04469c0.jpg?v=1654843363,http://www.maxwarehouse.com/products/audubon-park-51815-11-oz-nutty-treat-audubon-park-suet-cakes-pack-of-12,Audubon Park 51815 11 Oz Nutty Treat Audubon Park Suet Cakes (Pack of 12),070187518155,-,41.2,-,-,-
https://cdn.shopify.com/s/files/1/1405/6268/products/image_41eb286a-1fed-4c86-ad8f-a8ec20a23874.jpg?v=1658139210,http://www.maxwarehouse.com/products/heath-bird-feeder-oriole-steel,Heath Oriole 1  Steel Clementine Bird Feeder 2 ports,085199131339,-,15.69,-,-,-
https://cdn.shopify.com/s/files/1/1405/6268/products/image_c598a2ec-e063-4965-8bf3-4dfba57435a5.jpg?v=1658673748,http://www.maxwarehouse.com/products/natures-nuts-00231-20-lbs-waste-free-no-sprout-blend,Nature's Nuts 20 lb. Assorted Species Wild Bird Food,790004002314,-,33.77,-,-,-
https://cdn.shopify.com/s/files/1/1405/6268/products/image_5ac16791-19ed-4a15-9124-d8f98dfe571d.jpg?v=1645228165,http://www.maxwarehouse.com/products/audubon-park-10297-5-lb-fruit-and-nut-wild-bird-food,Audubon Park Fruits and Nuts Wild Bird Food 5 lb,070187855151,-,13.15,-,-,-
https://cdn.shopify.com/s/files/1/1405/6268/products/image_60b43167-36de-43d2-aa26-6f82f6dd1e88.jpg?v=1659107894,http://www.maxwarehouse.com/products/audubon-park-84195-5-lbs-critter-crunch-birdseed,Audubon Park Wild Bird Black Oil Sunflower Seed Squirrel and Critter Food 5 lb,070187841956,-,8.44,-,-,-
https://cdn.shopify.com/s/files/1/1405/6268/products/image_5b870811-14f9-4ca4-bd67-2e897b379ba7.jpg?v=1645345966,http://www.maxwarehouse.com/products/audubon-park-10507-5-lb-premium-wild-bird-food,Audubon Park Premium Blend Wild Bird White Millet Wild Bird Food 5 lb,070187821309,-,16.83,-,-,-
https://cdn.shopify.com/s/files/1/1405/6268/products/image_85a47ee4-239d-45ec-a342-6360660db960.jpg?v=1659173245,http://www.maxwarehouse.com/products/audubon-park-10899-10-lb-nyjer-seed-wild-bird-food,Audubon Park Nyjer Nyjer Seed Wild Bird Food 10 lb,070187851856,-,27.95,-,-,-
https://cdn.shopify.com/s/files/1/1405/6268/products/image_45bf826b-2788-4e19-ac78-5af12cccb277.jpg?v=1659171519,http://www.maxwarehouse.com/products/natures-nuts-00036-40-lbs-premium-black-oil-sunflower,Nature's Nuts Premium Assorted Species Black Oil Sunflower Seed Wild Bird Food 40 lb,790004000365,-,52.76,-,-,-
https://cdn.shopify.com/s/files/1/1405/6268/products/image_bd5e638e-db33-4293-aa0e-30c87b8f1ed1.jpg?v=1645348729,http://www.maxwarehouse.com/products/audubon-10249-10-lb-sunflower-seed-wild-bird-food,Audubon Park Black Oil Sunflower Seed Wild Bird Food 10 lb,070187537101,-,27.91,-,-,-
https://cdn.shopify.com/s/files/1/1405/6268/products/image_5ea6a9ef-4f7f-44f7-9bc2-49b114c6b98e.jpg?v=1658139334,http://www.maxwarehouse.com/products/clear-hb-nectar-conc64oz-pack-of-6,Perky-Pet Hummingbird Nectar Concentrate Sucrose 64 oz. (Pack of 6),078978963306,-,43.51,-,-,-
https://cdn.shopify.com/s/files/1/1405/6268/products/image_ce20aa92-512a-4994-a8ed-d00191efc528.jpg?v=1658139344,http://www.maxwarehouse.com/products/red-hb-nectar-conc64oz-pack-of-6,Perky-Pet Hummingbird Nectar Concentrate Sucrose 64 oz. (Pack of 6),078978963290,-,43.51,-,-,-
https://cdn.shopify.com/s/files/1/1405/6268/products/image_323ff959-7a31-47cb-8b49-363c50b330be.jpg?v=1658743766,http://www.maxwarehouse.com/products/chuckanut-19789-10-lb-black-oil-sunflower-seeds-pack-of-3,Chuckanut 19789 10 Lb Black Oil Sunflower Seeds,790004002789,-,18.52,-,-,-
https://cdn.shopify.com/s/files/1/1405/6268/products/image_151e73a2-e2f9-4df0-bc30-84819564977f.jpg?v=1658695779,http://www.maxwarehouse.com/products/audubon-park-51818-11-oz-berry-audubon-park-suet-cakes-pack-of-12,Audubon Park 51818 11 Oz Berry Audubon Park Suet Cakes (Pack of 12),070187518186,-,37.19,-,-,-
https://cdn.shopify.com/s/files/1/1405/6268/products/image_fa2e5dda-1f15-4e82-be0c-0dd675ff4bbb.jpg?v=1658705673,http://www.maxwarehouse.com/products/audubon-park-2124-5-lb-wild-bird-food-pack-of-12,Audubon Park 2124 5 Lb Wild Bird Food (Pack of 12),070187561052,-,52.69,-,-,-
https://cdn.shopify.com/s/files/1/1405/6268/products/image_685207ca-affc-47e7-9449-89667676ecf2.jpg?v=1658116670,http://www.maxwarehouse.com/products/sahuaro-seed-wild-bird-seed-2-lbs-pack-of-10,Sahuaro Seed Assorted Species Wild Bird Seed Bell Milo and Corn 2 lb. (Pack of 10),689076436731,-,38.52,-,-,-
